MyUnknownColumn,work_year,experience_level,employment_type,job_title,salary,salary_currency,salary_in_usd,employee_residence,remote_ratio,company_location,company_size
0,2020,MI,FT,"Data Scientist",70000,EUR,79833,DE,0,DE,L
7,2020,MI,FT,"Data Scientist",11000000,HUF,35735,HU,50,HU,L
10,2020,EN,FT,"Data Scientist",45000,EUR,51321,FR,0,FR,S
11,2020,MI,FT,"Data Scientist",3000000,INR,40481,IN,0,IN,L
12,2020,EN,FT,"Data Scientist",35000,EUR,39916,FR,0,FR,M
32,2020,SE,FT,"Data Scientist",60000,EUR,68428,GR,100,US,L
40,2020,MI,FT,"Data Scientist",45760,USD,45760,PH,100,US,S
46,2020,MI,FT,"Data Scientist",60000,GBP,76958,GB,100,GB,S
48,2020,MI,FT,"Data Scientist",105000,USD,105000,US,100,US,L
56,2020,MI,FT,"Data Scientist",34000,EUR,38776,ES,100,ES,M
57,2020,MI,FT,"Data Scientist",118000,USD,118000,US,100,US,M
58,2020,SE,FT,"Data Scientist",120000,USD,120000,US,50,US,L
59,2020,MI,FT,"Data Scientist",138350,USD,138350,US,100,US,M
62,2020,EN,PT,"Data Scientist",19000,EUR,21669,IT,50,IT,S
63,2020,SE,FT,"Data Scientist",412000,USD,412000,US,100,US,L
65,2020,EN,FT,"Data Scientist",55000,EUR,62726,DE,50,DE,S
66,2020,EN,FT,"Data Scientist",43200,EUR,49268,DE,0,DE,S
68,2020,EN,FT,"Data Scientist",105000,USD,105000,US,100,US,S
69,2020,SE,FT,"Data Scientist",80000,EUR,91237,AT,0,AT,S
70,2020,MI,FT,"Data Scientist",55000,EUR,62726,FR,50,LU,S
71,2020,MI,FT,"Data Scientist",37000,EUR,42197,FR,50,FR,S
75,2021,SE,FT,"Data Scientist",45000,EUR,53192,FR,50,FR,L
94,2021,EN,FT,"Data Scientist",2200000,INR,29751,IN,50,IN,L
104,2021,MI,FT,"Data Scientist",73000,USD,73000,US,0,US,L
116,2021,MI,FT,"Data Scientist",50000,USD,50000,NG,100,NG,L
127,2021,MI,FT,"Data Scientist",700000,INR,9466,IN,0,IN,S
131,2021,EN,FT,"Data Scientist",42000,EUR,49646,FR,50,FR,M
134,2021,EN,FT,"Data Scientist",100000,USD,100000,US,0,US,S
139,2021,EN,FT,"Data Scientist",80000,USD,80000,US,100,US,M
143,2021,MI,FT,"Data Scientist",82500,USD,82500,US,100,US,S
151,2021,MI,FT,"Data Scientist",150000,USD,150000,US,100,US,M
152,2021,MI,FT,"Data Scientist",95000,CAD,75774,CA,100,CA,L
153,2021,EN,FT,"Data Scientist",13400,USD,13400,UA,100,UA,L
156,2021,MI,FT,"Data Scientist",160000,SGD,119059,SG,100,IL,M
176,2021,MI,FT,"Data Scientist",58000,MXN,2859,MX,0,MX,S
177,2021,MI,FT,"Data Scientist",30400000,CLP,40038,CL,100,CL,L
179,2021,MI,FT,"Data Scientist",420000,INR,5679,IN,100,US,S
181,2021,MI,FT,"Data Scientist",76760,EUR,90734,DE,50,DE,L
195,2021,MI,FT,"Data Scientist",147000,USD,147000,US,50,US,L
200,2021,MI,FT,"Data Scientist",52000,EUR,61467,DE,50,AT,M
202,2021,MI,FT,"Data Scientist",32000,EUR,37825,ES,100,ES,L
204,2021,MI,FT,"Data Scientist",160000,USD,160000,US,100,US,L
205,2021,MI,FT,"Data Scientist",69600,BRL,12901,BR,0,BR,S
217,2021,MI,FT,"Data Scientist",76760,EUR,90734,DE,50,DE,L
221,2021,MI,FT,"Data Scientist",85000,GBP,116914,GB,50,GB,L
222,2021,MI,FT,"Data Scientist",2500000,INR,33808,IN,0,IN,M
223,2021,MI,FT,"Data Scientist",40900,GBP,56256,GB,50,GB,L
226,2021,SE,FT,"Data Scientist",110000,CAD,87738,CA,100,CA,S
227,2021,MI,FT,"Data Scientist",75000,EUR,88654,DE,50,DE,L
228,2021,SE,FT,"Data Scientist",135000,USD,135000,US,0,US,L
237,2021,MI,FT,"Data Scientist",39600,EUR,46809,ES,100,ES,M
238,2021,EN,FT,"Data Scientist",4000,USD,4000,VN,0,VN,M
240,2021,SE,FT,"Data Scientist",130000,CAD,103691,CA,100,CA,L
243,2021,SE,FT,"Data Scientist",165000,USD,165000,US,100,US,L
246,2021,EN,FT,"Data Scientist",31000,EUR,36643,FR,50,FR,L
250,2021,MI,FT,"Data Scientist",115000,USD,115000,US,50,US,L
251,2021,EN,FT,"Data Scientist",90000,USD,90000,US,100,US,S
253,2021,EN,FT,"Data Scientist",2100000,INR,28399,IN,100,IN,M
260,2021,MI,FT,"Data Scientist",130000,USD,130000,US,50,US,L
262,2021,MI,FT,"Data Scientist",1250000,INR,16904,IN,100,IN,S
264,2021,MI,FT,"Data Scientist",21600,EUR,25532,RS,100,DE,S
274,2021,SE,FT,"Data Scientist",65720,EUR,77684,FR,50,FR,M
275,2021,EN,FT,"Data Scientist",100000,USD,100000,US,100,US,M
276,2021,EN,FT,"Data Scientist",58000,USD,58000,US,50,US,L
278,2021,SE,FT,"Data Scientist",180000,TRY,20171,TR,50,TR,L
287,2021,MI,FT,"Data Scientist",109000,USD,109000,US,50,US,L
292,2022,MI,FT,"Data Scientist",130000,USD,130000,US,0,US,M
293,2022,MI,FT,"Data Scientist",90000,USD,90000,US,0,US,M
298,2022,SE,FT,"Data Scientist",136620,USD,136620,US,100,US,M
299,2022,SE,FT,"Data Scientist",99360,USD,99360,US,100,US,M
300,2022,SE,FT,"Data Scientist",90000,GBP,117789,GB,0,GB,M
301,2022,SE,FT,"Data Scientist",80000,GBP,104702,GB,0,GB,M
302,2022,SE,FT,"Data Scientist",146000,USD,146000,US,100,US,M
303,2022,SE,FT,"Data Scientist",123000,USD,123000,US,100,US,M
311,2022,MI,FT,"Data Scientist",50000,GBP,65438,GB,0,GB,M
312,2022,MI,FT,"Data Scientist",30000,GBP,39263,GB,0,GB,M
315,2022,SE,FT,"Data Scientist",165220,USD,165220,US,100,US,M
317,2022,SE,FT,"Data Scientist",120160,USD,120160,US,100,US,M
323,2022,SE,FT,"Data Scientist",180000,USD,180000,US,0,US,L
324,2022,SE,FT,"Data Scientist",120000,USD,120000,US,0,US,L
347,2022,SE,FT,"Data Scientist",95550,USD,95550,US,0,US,M
352,2022,SE,FT,"Data Scientist",167000,USD,167000,US,100,US,M
353,2022,SE,FT,"Data Scientist",123000,USD,123000,US,100,US,M
356,2022,SE,FT,"Data Scientist",150000,USD,150000,US,0,US,M
357,2022,SE,FT,"Data Scientist",211500,USD,211500,US,100,US,M
365,2022,SE,FT,"Data Scientist",138600,USD,138600,US,100,US,M
369,2022,SE,FT,"Data Scientist",170000,USD,170000,US,100,US,M
370,2022,SE,FT,"Data Scientist",123000,USD,123000,US,100,US,M
398,2022,SE,FT,"Data Scientist",215300,USD,215300,US,100,US,L
399,2022,SE,FT,"Data Scientist",158200,USD,158200,US,100,US,L
409,2022,SE,FT,"Data Scientist",180000,USD,180000,US,100,US,M
410,2022,MI,FT,"Data Scientist",55000,GBP,71982,GB,0,GB,M
411,2022,MI,FT,"Data Scientist",35000,GBP,45807,GB,0,GB,M
416,2022,SE,FT,"Data Scientist",260000,USD,260000,US,100,US,M
423,2022,SE,FT,"Data Scientist",180000,USD,180000,US,0,US,M
424,2022,SE,FT,"Data Scientist",80000,USD,80000,US,0,US,M
428,2022,SE,FT,"Data Scientist",140400,USD,140400,US,0,US,L
444,2022,SE,FT,"Data Scientist",215300,USD,215300,US,0,US,L
459,2022,MI,FT,"Data Scientist",2400000,INR,31615,IN,100,IN,L
463,2022,EN,FT,"Data Scientist",1400000,INR,18442,IN,100,IN,M
467,2022,SE,FT,"Data Scientist",104890,USD,104890,US,100,US,M
469,2022,SE,FT,"Data Scientist",140000,USD,140000,US,100,US,M
472,2022,SE,FT,"Data Scientist",220000,USD,220000,US,100,US,M
473,2022,SE,FT,"Data Scientist",140000,USD,140000,US,100,US,M
474,2022,MI,FT,"Data Scientist",140000,GBP,183228,GB,0,GB,M
475,2022,MI,FT,"Data Scientist",70000,GBP,91614,GB,0,GB,M
476,2022,SE,FT,"Data Scientist",185100,USD,185100,US,100,US,M
478,2022,MI,FT,"Data Scientist",200000,USD,200000,US,100,US,M
479,2022,MI,FT,"Data Scientist",120000,USD,120000,US,100,US,M
486,2022,SE,FT,"Data Scientist",230000,USD,230000,US,100,US,M
487,2022,EN,PT,"Data Scientist",100000,USD,100000,DZ,50,DZ,M
488,2022,MI,FL,"Data Scientist",100000,USD,100000,CA,100,US,M
492,2022,MI,FT,"Data Scientist",150000,PLN,35590,PL,100,PL,L
494,2022,SE,FT,"Data Scientist",100000,USD,100000,BR,100,US,M
497,2022,SE,FT,"Data Scientist",165000,USD,165000,US,100,US,M
499,2022,EN,FT,"Data Scientist",66500,CAD,52396,CA,100,CA,L
502,2022,EN,FT,"Data Scientist",40000,USD,40000,JP,100,MY,L
505,2022,EN,FT,"Data Scientist",120000,AUD,86703,AU,50,AU,M
515,2022,MI,FT,"Data Scientist",48000,USD,48000,RU,100,US,S
518,2022,MI,FT,"Data Scientist",115000,CHF,122346,CH,0,CH,L
520,2022,MI,FT,"Data Scientist",88000,CAD,69336,CA,100,CA,M
524,2022,MI,FT,"Data Scientist",135000,USD,135000,US,100,US,L
526,2022,MI,FT,"Data Scientist",78000,USD,78000,US,100,US,M
538,2022,MI,FT,"Data Scientist",141300,USD,141300,US,0,US,M
539,2022,MI,FT,"Data Scientist",102100,USD,102100,US,0,US,M
550,2022,SE,FT,"Data Scientist",205300,USD,205300,US,0,US,L
551,2022,SE,FT,"Data Scientist",140400,USD,140400,US,0,US,L
552,2022,SE,FT,"Data Scientist",176000,USD,176000,US,100,US,M
553,2022,SE,FT,"Data Scientist",144000,USD,144000,US,100,US,M
558,2022,SE,FT,"Data Scientist",205300,USD,205300,US,0,US,M
559,2022,SE,FT,"Data Scientist",140400,USD,140400,US,0,US,M
569,2022,SE,FT,"Data Scientist",140000,USD,140000,US,100,US,M
570,2022,SE,FT,"Data Scientist",210000,USD,210000,US,100,US,M
571,2022,SE,FT,"Data Scientist",140000,USD,140000,US,100,US,M
574,2022,SE,FT,"Data Scientist",210000,USD,210000,US,100,US,M
575,2022,SE,FT,"Data Scientist",140000,USD,140000,US,100,US,M
576,2022,SE,FT,"Data Scientist",210000,USD,210000,US,100,US,M
587,2022,SE,FT,"Data Scientist",140000,USD,140000,US,100,US,M
592,2022,SE,FT,"Data Scientist",230000,USD,230000,US,100,US,M
593,2022,SE,FT,"Data Scientist",150000,USD,150000,US,100,US,M
596,2022,SE,FT,"Data Scientist",210000,USD,210000,US,100,US,M
598,2022,MI,FT,"Data Scientist",160000,USD,160000,US,100,US,M
599,2022,MI,FT,"Data Scientist",130000,USD,130000,US,100,US,M
